Component,Description,Part,References,Value,Footprint,Quantity Per PCB,Datasheet,Manufacturer Part Number,Manufacturer,Supplier,Supplier P/N
1,Unpolarized capacitor,C,C1 C4 C7 C8 C9 C10 C11 C12,100nF,C_0603_1608Metric,8,,C0603C104J5RACTU,KEMET,,
2,Unpolarized capacitor,C,C2,10pF,C_0603_1608Metric,1,,CGA3E2C0G1H100D080AA,TDK,Macrofab,MF-CAP-0603-10pF
3,Unpolarized capacitor,C,C5 C6,1nF,C_0603_1608Metric,2,,C0603C102J1RACTU,KEMET,Macrofab,MF-CAP-0603-1nF
4,Unpolarized capacitor,C,C3,22pF,C_0603_1608Metric,1,,CGA3E2C0G1H100D080AA,TDK,Macrofab,MF-CAP-0603-10pF
5,Zener diode,D_Zener,D1,D_Zener,SC-90A,1,~,DZ2J027M0L,Panasonic,,
6,Light emitting diode,LED,D2 D3 D4 D5 D6,LED,LED_0603_1608Metric,5,~,LTST-C190KGKT LTST-C190KRKT,Lite-On,Macrofab,MF-LED-0603-GREEN MF-LED-0603-RED
7,"Generic connector, single row, 01x02, script generated (kicad-library-utils/schlib/autogen/connector/)",Conn_01x02,J9,Conn_01x02,R_0805_2012Metric,1,~,,,,
8,"Generic connector, single row, 01x02",Conn_01x02_Female,J8,Conn_01x02_Female,JST_PH_S2B-PH-SM4-TB_1x02-1MP_P2.00mm_Horizontal,1,~,S2B-PH-SM4-TB,JST Sales America,,
9,"Generic connector, single row, 01x04",Conn_01x04,J2,Conn_01x04,Pin_Header_Straight_1x04_Pitch2.54mm,1,,,,,
10,"Generic connector, double row, 02x03, odd/even pin numbering scheme (row 1 odd numbers, row 2 even numbers)",Conn_02x03_Odd_Even,J1,Conn_02x03_Odd_Even,Pin_Header_Straight_2x03_Pitch2.54mm,1,,,,,
11,,SJ-2523-SMT,J3 J4 J5 J6,SJ-2523-SMT,SJ-2523-SMT,4,,SJ-2523-SMT,CUI Inc,,
12,USB mini/micro connector,USB_OTG,J7,USB_OTG,USB_Micro_C77238,1,,,,LCSC,C77238
13,Ferrite bead,Ferrite_Bead,L1,Ferrite_Bead,C_0805_2012Metric,1,,MH2029-300Y,Bourns,Digi-key,MH2029-300YCT-ND
14,Microphone,Microphone,MK1,Microphone,ELECTRET MICROPHONE,1,,,,N/A,N/A
15,"0.8A Ic, 45V Vce, NPN Transistor, SOT-23",MMBT3904,Q2,MMBT3904,SOT-23,1,https://www.fairchildsemi.com/datasheets/2N/2N3904.pdf,MMBT3904LT1G,ON Semiconductor,Macrofab,MF-DSC-SOT233-MMBT3904
16,"NPN phototransistor, collector/emitter",Q_Photo_NPN,Q1,Q_Photo_NPN,LED_D3.0mm_Horizontal_O1.27mm_Z2.0mm,1,,SFH 310-2/3,OSRAM Opto Semiconductors,Digi-key,475-1443-ND
17,Resistor,R,R1 R2 R3 R5,10k,R_0603_1608Metric,4,,ERJ-3GEYJ103V,Panasonic,Macrofab,MF-RES-0603-10K
18,Resistor,R,R4 R6 R16 R17 R18 R19 R21 R22 R23 R24 R25,150,R_0603_1608Metric,11,,ERJ-3GEYJ151V,Panasonic,,
19,Resistor,R,R15,160k,R_0603_1608Metric,1,,ERJ-3GEYJ164V,Panasonic,,
20,Resistor,R,R7 R9 R10 R11 R12 R13 R14 R20 R26 R27 R28 R29,2k,R_0603_1608Metric,12,,ERJ-3GEYJ202V,Panasonic,,
21,Resistor,R,R8,47,R_0603_1608Metric,1,,ERJ-3GEYJ470V,Panasonic,Macrofab,MF-RES-0603-47
22,"Switch, single pole double throw",SW_SPDT,SW1,SW_SPDT,JS102011SAQN,1,,JS102011SAQN,C&K Switches,Digikey,401-1999-1-ND
23,,AP9211,U7,AP9211,U-DFN2030-6,1,,AP9211S-AN-HAC-7,Diodes Incorporated,,
24,"TQFP32, 16k Flash, 1kB SRAM, 512B EEPROM",ATMEGA328P-AU,U2,ATMEGA328P-AU,TQFP-32_7x7mm_Pitch0.8mm,1,http://www.atmel.com/images/atmel-8271-8-bit-avr-microcontroller-atmega48a-48pa-88a-88pa-168a-168pa-328-328p_datasheet.pdf,ATMEGA328P-AU,Microchip Technology,N/A,N/A
25,,HM-11,U3,HM-11,HM-11,1,,HM-11,Seed,,
26,"10 MHz, 850 µA Op Amps, SOT-23-5",MCP6001,U1,MCP6001,SOT-23-5,1,http://ww1.microchip.com/downloads/en/DeviceDoc/22141b.pdf,MCP6001T-I/OT,Microchip Technology,Digi-key,MCP6001T-I/OTCT-ND
27,"Quad DC Optocoupler, Vce 80V, CTR 50-100%, SOP16",TLP291-4,U4 U6,TLP291-4,SOIC-16_4.55x10.3mm_P1.27mm,2,https://toshiba.semicon-storage.com/info/docget.jsp?did=12858&prodName=TLP291-4,"TLP291-4(GB-TP,E)",Toshiba,,
28,"200 mA Low Dropout Voltage Regulator, Fixed Output 1.2V, SOT-23-5",TLV70233_SOT23-5,U5,TLV70233_SOT23-5,SOT-23-5,1,http://www.ti.com/lit/ds/symlink/tlv702.pdf,TLV70233DBVR,Texas Instruments,Macrofab,MF-REG-SOT235-3.3V-300mA
29,,TP4056,U8,TP4056,SOP-8,1,,DIO5158,DIOO Microcircuits,,
30,Two pin crystal,Crystal,Y1,Crystal,Crystal_SMD_2016-4Pin_2.0x1.6mm,1,,ECS-160-10-37-JTN-TR,ECS,N/A,N/A





Component Groups:,30
Component Count:,70
Fitted Components:,70
Number of PCBs:,1
Total components:,70
Schematic Version:,2
Schematic Date:,
BoM Date:,23/06/2019 12:46:10 PM
Schematic Source:,C:\Users\kanes\Documents\Projects\Lightning Trigger\Hardware\lightning trigger Rev 2\lightning trigger.sch
KiCad Version:,Eeschema (5.0.2)-1
