<?xml version="1.0" encoding="UTF-8"?>
<export version="D">
  <design>
    <source>C:\Users\kanes\Documents\Projects\Lightning Trigger\Hardware\lightning trigger Rev 2\lightning trigger.sch</source>
    <date>23/06/2019 12:46:10 PM</date>
    <tool>Eeschema (5.0.2)-1</tool>
    <sheet number="1" name="/" tstamps="/">
      <title_block>
        <title>Lightning Trigger</title>
        <company/>
        <rev>2</rev>
        <date/>
        <source>lightning trigger.sch</source>
        <comment number="1" value="Kane Stoboi"/>
        <comment number="2" value=""/>
        <comment number="3" value=""/>
        <comment number="4" value=""/>
      </title_block>
    </sheet>
  </design>
  <components>
    <comp ref="Q1">
      <value>Q_Photo_NPN</value>
      <footprint>LEDs:LED_D3.0mm_Horizontal_O1.27mm_Z2.0mm</footprint>
      <fields>
        <field name="Manufacturer">OSRAM Opto Semiconductors</field>
        <field name="Manufacturer Part Number">SFH 310-2/3</field>
        <field name="Supplier">Digi-key</field>
        <field name="Supplier P/N">475-1443-ND</field>
      </fields>
      <libsource lib="Device" part="Q_Photo_NPN" description="NPN phototransistor, collector/emitter"/>
      <sheetpath names="/" tstamps="/"/>
      <tstamp>5C31A05F</tstamp>
    </comp>
    <comp ref="J1">
      <value>Conn_02x03_Odd_Even</value>
      <footprint>Pin_Headers:Pin_Header_Straight_2x03_Pitch2.54mm</footprint>
      <libsource lib="conn" part="Conn_02x03_Odd_Even" description="Generic connector, double row, 02x03, odd/even pin numbering scheme (row 1 odd numbers, row 2 even numbers)"/>
      <sheetpath names="/" tstamps="/"/>
      <tstamp>5C383923</tstamp>
    </comp>
    <comp ref="U1">
      <value>MCP6001</value>
      <footprint>TO_SOT_Packages_SMD:SOT-23-5</footprint>
      <fields>
        <field name="Manufacturer">Microchip Technology</field>
        <field name="Manufacturer Part Number">MCP6001T-I/OT</field>
        <field name="Supplier">Digi-key</field>
        <field name="Supplier P/N">MCP6001T-I/OTCT-ND</field>
      </fields>
      <libsource lib="linear" part="MCP6001" description="1MHz, Low-Power Op Amp, SOT-23-5/SC-70-5"/>
      <sheetpath names="/" tstamps="/"/>
      <tstamp>5C3939EA</tstamp>
    </comp>
    <comp ref="MK1">
      <value>Microphone</value>
      <footprint>electret microphone:ELECTRET MICROPHONE</footprint>
      <fields>
        <field name="Supplier">N/A</field>
        <field name="Supplier P/N">N/A</field>
      </fields>
      <libsource lib="Device" part="Microphone" description="Microphone"/>
      <sheetpath names="/" tstamps="/"/>
      <tstamp>5C394BEB</tstamp>
    </comp>
    <comp ref="R3">
      <value>10k</value>
      <footprint>Resistor_SMD:R_0603_1608Metric</footprint>
      <fields>
        <field name="Manufacturer">Panasonic</field>
        <field name="Manufacturer Part Number">ERJ-3GEYJ103V</field>
        <field name="Supplier">Macrofab</field>
        <field name="Supplier P/N">MF-RES-0603-10K</field>
      </fields>
      <libsource lib="Device" part="R" description="Resistor"/>
      <sheetpath names="/" tstamps="/"/>
      <tstamp>5C394C99</tstamp>
    </comp>
    <comp ref="J2">
      <value>Conn_01x04</value>
      <footprint>Pin_Headers:Pin_Header_Straight_1x04_Pitch2.54mm</footprint>
      <libsource lib="conn" part="Conn_01x04" description="Generic connector, single row, 01x04"/>
      <sheetpath names="/" tstamps="/"/>
      <tstamp>5C396A7B</tstamp>
    </comp>
    <comp ref="U2">
      <value>ATMEGA328P-AU</value>
      <footprint>Housings_QFP:TQFP-32_7x7mm_Pitch0.8mm</footprint>
      <fields>
        <field name="Manufacturer">Microchip Technology</field>
        <field name="Manufacturer Part Number">ATMEGA328P-AU</field>
        <field name="Supplier">N/A</field>
        <field name="Supplier P/N">N/A</field>
      </fields>
      <libsource lib="atmel" part="ATMEGA328P-AU" description="TQFP32, 32k Flash, 2kB SRAM, 1kB EEPROM"/>
      <sheetpath names="/" tstamps="/"/>
      <tstamp>5C3AA62F</tstamp>
    </comp>
    <comp ref="J7">
      <value>USB_OTG</value>
      <footprint>USB:USB_Micro_C77238</footprint>
      <fields>
        <field name="Supplier">LCSC</field>
        <field name="Supplier P/N">C77238</field>
      </fields>
      <libsource lib="conn" part="USB_OTG" description="USB mini/micro connector"/>
      <sheetpath names="/" tstamps="/"/>
      <tstamp>5C3AC7CC</tstamp>
    </comp>
    <comp ref="U8">
      <value>TP4056</value>
      <footprint>SOP:SOP-8</footprint>
      <fields>
        <field name="Manufacturer">DIOO Microcircuits</field>
        <field name="Manufacturer Part Number">DIO5158</field>
      </fields>
      <libsource lib="TP4056" part="TP4056" description=""/>
      <sheetpath names="/" tstamps="/"/>
      <tstamp>5C3AC889</tstamp>
    </comp>
    <comp ref="C11">
      <value>100nF</value>
      <footprint>Capacitor_SMD:C_0603_1608Metric</footprint>
      <fields>
        <field name="Manufacturer">KEMET</field>
        <field name="Manufacturer Part Number">C0603C104J5RACTU</field>
      </fields>
      <libsource lib="Device" part="C" description="Unpolarized capacitor"/>
      <sheetpath names="/" tstamps="/"/>
      <tstamp>5C3AD1B4</tstamp>
    </comp>
    <comp ref="Y1">
      <value>Crystal</value>
      <footprint>Crystal:Crystal_SMD_2016-4Pin_2.0x1.6mm</footprint>
      <fields>
        <field name="Manufacturer">ECS</field>
        <field name="Manufacturer Part Number">ECS-160-10-37-JTN-TR</field>
        <field name="Supplier">N/A</field>
        <field name="Supplier P/N">N/A</field>
      </fields>
      <libsource lib="Device" part="Crystal" description="Two pin crystal"/>
      <sheetpath names="/" tstamps="/"/>
      <tstamp>5C3B1EF6</tstamp>
    </comp>
    <comp ref="C3">
      <value>22pF</value>
      <footprint>Capacitor_SMD:C_0603_1608Metric</footprint>
      <fields>
        <field name="Manufacturer">TDK</field>
        <field name="Manufacturer Part Number">CGA3E2C0G1H100D080AA</field>
        <field name="Supplier">Macrofab</field>
        <field name="Supplier P/N">MF-CAP-0603-10pF</field>
      </fields>
      <libsource lib="Device" part="C" description="Unpolarized capacitor"/>
      <sheetpath names="/" tstamps="/"/>
      <tstamp>5C3B2940</tstamp>
    </comp>
    <comp ref="C6">
      <value>1nF</value>
      <footprint>Capacitor_SMD:C_0603_1608Metric</footprint>
      <fields>
        <field name="Manufacturer">KEMET</field>
        <field name="Manufacturer Part Number">C0603C102J1RACTU</field>
        <field name="Supplier">Macrofab</field>
        <field name="Supplier P/N">MF-CAP-0603-1nF</field>
      </fields>
      <libsource lib="Device" part="C" description="Unpolarized capacitor"/>
      <sheetpath names="/" tstamps="/"/>
      <tstamp>5C3B5B15</tstamp>
    </comp>
    <comp ref="R15">
      <value>160k</value>
      <footprint>Resistor_SMD:R_0603_1608Metric</footprint>
      <fields>
        <field name="Manufacturer">Panasonic</field>
        <field name="Manufacturer Part Number">ERJ-3GEYJ164V</field>
      </fields>
      <libsource lib="Device" part="R" description="Resistor"/>
      <sheetpath names="/" tstamps="/"/>
      <tstamp>5C3B64F8</tstamp>
    </comp>
    <comp ref="L1">
      <value>Ferrite_Bead</value>
      <footprint>Capacitor_SMD:C_0805_2012Metric</footprint>
      <fields>
        <field name="Manufacturer">Bourns</field>
        <field name="Manufacturer Part Number">MH2029-300Y</field>
        <field name="Supplier">Digi-key</field>
        <field name="Supplier P/N">MH2029-300YCT-ND</field>
      </fields>
      <libsource lib="Device" part="Ferrite_Bead" description="Ferrite bead"/>
      <sheetpath names="/" tstamps="/"/>
      <tstamp>5C3B91FB</tstamp>
    </comp>
    <comp ref="C12">
      <value>100nF</value>
      <footprint>Capacitor_SMD:C_0603_1608Metric</footprint>
      <fields>
        <field name="Manufacturer">KEMET</field>
        <field name="Manufacturer Part Number">C0603C104J5RACTU</field>
      </fields>
      <libsource lib="Device" part="C" description="Unpolarized capacitor"/>
      <sheetpath names="/" tstamps="/"/>
      <tstamp>5C3BB279</tstamp>
    </comp>
    <comp ref="C7">
      <value>100nF</value>
      <footprint>Capacitor_SMD:C_0603_1608Metric</footprint>
      <fields>
        <field name="Manufacturer">KEMET</field>
        <field name="Manufacturer Part Number">C0603C104J5RACTU</field>
      </fields>
      <libsource lib="Device" part="C" description="Unpolarized capacitor"/>
      <sheetpath names="/" tstamps="/"/>
      <tstamp>5C3BB38C</tstamp>
    </comp>
    <comp ref="C8">
      <value>100nF</value>
      <footprint>Capacitor_SMD:C_0603_1608Metric</footprint>
      <fields>
        <field name="Manufacturer">KEMET</field>
        <field name="Manufacturer Part Number">C0603C104J5RACTU</field>
      </fields>
      <libsource lib="Device" part="C" description="Unpolarized capacitor"/>
      <sheetpath names="/" tstamps="/"/>
      <tstamp>5C3BB491</tstamp>
    </comp>
    <comp ref="C1">
      <value>100nF</value>
      <footprint>Capacitor_SMD:C_0603_1608Metric</footprint>
      <fields>
        <field name="Manufacturer">KEMET</field>
        <field name="Manufacturer Part Number">C0603C104J5RACTU</field>
      </fields>
      <libsource lib="Device" part="C" description="Unpolarized capacitor"/>
      <sheetpath names="/" tstamps="/"/>
      <tstamp>5C3BCDFB</tstamp>
    </comp>
    <comp ref="C4">
      <value>100nF</value>
      <footprint>Capacitor_SMD:C_0603_1608Metric</footprint>
      <fields>
        <field name="Manufacturer">KEMET</field>
        <field name="Manufacturer Part Number">C0603C104J5RACTU</field>
      </fields>
      <libsource lib="Device" part="C" description="Unpolarized capacitor"/>
      <sheetpath names="/" tstamps="/"/>
      <tstamp>5C4E1F58</tstamp>
    </comp>
    <comp ref="SW1">
      <value>SW_SPDT</value>
      <footprint>Switches:JS102011SAQN</footprint>
      <fields>
        <field name="Manufacturer">C&amp;K Switches</field>
        <field name="Manufacturer Part Number">JS102011SAQN</field>
        <field name="Supplier">Digikey</field>
        <field name="Supplier P/N">401-1999-1-ND</field>
      </fields>
      <libsource lib="Switch" part="SW_SPDT" description="Switch, single pole double throw"/>
      <sheetpath names="/" tstamps="/"/>
      <tstamp>5C6C581E</tstamp>
    </comp>
    <comp ref="C2">
      <value>10pF</value>
      <footprint>Capacitor_SMD:C_0603_1608Metric</footprint>
      <fields>
        <field name="Manufacturer">TDK</field>
        <field name="Manufacturer Part Number">CGA3E2C0G1H100D080AA</field>
        <field name="Supplier">Macrofab</field>
        <field name="Supplier P/N">MF-CAP-0603-10pF</field>
      </fields>
      <libsource lib="Device" part="C" description="Unpolarized capacitor"/>
      <sheetpath names="/" tstamps="/"/>
      <tstamp>5C765003</tstamp>
    </comp>
    <comp ref="C5">
      <value>1nF</value>
      <footprint>Capacitor_SMD:C_0603_1608Metric</footprint>
      <fields>
        <field name="Manufacturer">KEMET</field>
        <field name="Manufacturer Part Number">C0603C102J1RACTU</field>
        <field name="Supplier">Macrofab</field>
        <field name="Supplier P/N">MF-CAP-0603-1nF</field>
      </fields>
      <libsource lib="Device" part="C" description="Unpolarized capacitor"/>
      <sheetpath names="/" tstamps="/"/>
      <tstamp>5C766420</tstamp>
    </comp>
    <comp ref="R28">
      <value>2k</value>
      <footprint>Resistor_SMD:R_0603_1608Metric</footprint>
      <fields>
        <field name="Manufacturer">Panasonic</field>
        <field name="Manufacturer Part Number">ERJ-3GEYJ202V</field>
      </fields>
      <libsource lib="Device" part="R" description="Resistor"/>
      <sheetpath names="/" tstamps="/"/>
      <tstamp>5C6754F7</tstamp>
    </comp>
    <comp ref="R20">
      <value>2k</value>
      <footprint>Resistor_SMD:R_0603_1608Metric</footprint>
      <fields>
        <field name="Manufacturer">Panasonic</field>
        <field name="Manufacturer Part Number">ERJ-3GEYJ202V</field>
      </fields>
      <libsource lib="Device" part="R" description="Resistor"/>
      <sheetpath names="/" tstamps="/"/>
      <tstamp>5C67570C</tstamp>
    </comp>
    <comp ref="R25">
      <value>150</value>
      <footprint>Resistor_SMD:R_0603_1608Metric</footprint>
      <fields>
        <field name="Manufacturer">Panasonic</field>
        <field name="Manufacturer Part Number">ERJ-3GEYJ151V</field>
      </fields>
      <libsource lib="Device" part="R" description="Resistor"/>
      <sheetpath names="/" tstamps="/"/>
      <tstamp>5C676C45</tstamp>
    </comp>
    <comp ref="R22">
      <value>150</value>
      <footprint>Resistor_SMD:R_0603_1608Metric</footprint>
      <fields>
        <field name="Manufacturer">Panasonic</field>
        <field name="Manufacturer Part Number">ERJ-3GEYJ151V</field>
      </fields>
      <libsource lib="Device" part="R" description="Resistor"/>
      <sheetpath names="/" tstamps="/"/>
      <tstamp>5C67756C</tstamp>
    </comp>
    <comp ref="R24">
      <value>150</value>
      <footprint>Resistor_SMD:R_0603_1608Metric</footprint>
      <fields>
        <field name="Manufacturer">Panasonic</field>
        <field name="Manufacturer Part Number">ERJ-3GEYJ151V</field>
      </fields>
      <libsource lib="Device" part="R" description="Resistor"/>
      <sheetpath names="/" tstamps="/"/>
      <tstamp>5C677681</tstamp>
    </comp>
    <comp ref="R19">
      <value>150</value>
      <footprint>Resistor_SMD:R_0603_1608Metric</footprint>
      <fields>
        <field name="Manufacturer">Panasonic</field>
        <field name="Manufacturer Part Number">ERJ-3GEYJ151V</field>
      </fields>
      <libsource lib="Device" part="R" description="Resistor"/>
      <sheetpath names="/" tstamps="/"/>
      <tstamp>5C677C8F</tstamp>
    </comp>
    <comp ref="R17">
      <value>150</value>
      <footprint>Resistor_SMD:R_0603_1608Metric</footprint>
      <fields>
        <field name="Manufacturer">Panasonic</field>
        <field name="Manufacturer Part Number">ERJ-3GEYJ151V</field>
      </fields>
      <libsource lib="Device" part="R" description="Resistor"/>
      <sheetpath names="/" tstamps="/"/>
      <tstamp>5C677D1F</tstamp>
    </comp>
    <comp ref="R6">
      <value>150</value>
      <footprint>Resistor_SMD:R_0603_1608Metric</footprint>
      <fields>
        <field name="Manufacturer">Panasonic</field>
        <field name="Manufacturer Part Number">ERJ-3GEYJ151V</field>
      </fields>
      <libsource lib="Device" part="R" description="Resistor"/>
      <sheetpath names="/" tstamps="/"/>
      <tstamp>5C677F75</tstamp>
    </comp>
    <comp ref="U3">
      <value>HM-11</value>
      <footprint>HM-11:HM-11</footprint>
      <fields>
        <field name="Manufacturer">Seed</field>
        <field name="Manufacturer Part Number">HM-11</field>
      </fields>
      <libsource lib="HM-11" part="HM-11" description=""/>
      <sheetpath names="/" tstamps="/"/>
      <tstamp>5CA21747</tstamp>
    </comp>
    <comp ref="R2">
      <value>10k</value>
      <footprint>Resistor_SMD:R_0603_1608Metric</footprint>
      <fields>
        <field name="Manufacturer">Panasonic</field>
        <field name="Manufacturer Part Number">ERJ-3GEYJ103V</field>
        <field name="Supplier">Macrofab</field>
        <field name="Supplier P/N">MF-RES-0603-10K</field>
      </fields>
      <libsource lib="Device" part="R" description="Resistor"/>
      <sheetpath names="/" tstamps="/"/>
      <tstamp>5CAE4431</tstamp>
    </comp>
    <comp ref="R1">
      <value>10k</value>
      <footprint>Resistor_SMD:R_0603_1608Metric</footprint>
      <fields>
        <field name="Manufacturer">Panasonic</field>
        <field name="Manufacturer Part Number">ERJ-3GEYJ103V</field>
        <field name="Supplier">Macrofab</field>
        <field name="Supplier P/N">MF-RES-0603-10K</field>
      </fields>
      <libsource lib="Device" part="R" description="Resistor"/>
      <sheetpath names="/" tstamps="/"/>
      <tstamp>5CAE466F</tstamp>
    </comp>
    <comp ref="U4">
      <value>TLP291-4</value>
      <footprint>Package_SO:SOIC-16_4.55x10.3mm_P1.27mm</footprint>
      <datasheet>https://toshiba.semicon-storage.com/info/docget.jsp?did=12858&amp;prodName=TLP291-4</datasheet>
      <fields>
        <field name="Manufacturer">Toshiba</field>
        <field name="Manufacturer Part Number">TLP291-4(GB-TP,E)</field>
      </fields>
      <libsource lib="Isolator" part="TLP291-4" description="Quad DC Optocoupler, Vce 80V, CTR 50-100%, SOP16"/>
      <sheetpath names="/" tstamps="/"/>
      <tstamp>5CB27A56</tstamp>
    </comp>
    <comp ref="U6">
      <value>TLP291-4</value>
      <footprint>Package_SO:SOIC-16_4.55x10.3mm_P1.27mm</footprint>
      <datasheet>https://toshiba.semicon-storage.com/info/docget.jsp?did=12858&amp;prodName=TLP291-4</datasheet>
      <fields>
        <field name="Manufacturer">Toshiba</field>
        <field name="Manufacturer Part Number">TLP291-4(GB-TP,E)</field>
      </fields>
      <libsource lib="Isolator" part="TLP291-4" description="Quad DC Optocoupler, Vce 80V, CTR 50-100%, SOP16"/>
      <sheetpath names="/" tstamps="/"/>
      <tstamp>5CB27C36</tstamp>
    </comp>
    <comp ref="Q2">
      <value>MMBT3904</value>
      <footprint>Package_TO_SOT_SMD:SOT-23</footprint>
      <datasheet>https://www.fairchildsemi.com/datasheets/2N/2N3904.pdf</datasheet>
      <fields>
        <field name="Manufacturer">ON Semiconductor</field>
        <field name="Manufacturer Part Number">MMBT3904LT1G</field>
        <field name="Supplier">Macrofab</field>
        <field name="Supplier P/N">MF-DSC-SOT233-MMBT3904</field>
      </fields>
      <libsource lib="Transistor_BJT" part="MMBT3904" description="0.2A Ic, 40V Vce, Small Signal NPN Transistor, SOT-23"/>
      <sheetpath names="/" tstamps="/"/>
      <tstamp>5CD10B44</tstamp>
    </comp>
    <comp ref="R21">
      <value>150</value>
      <footprint>Resistor_SMD:R_0603_1608Metric</footprint>
      <fields>
        <field name="Manufacturer">Panasonic</field>
        <field name="Manufacturer Part Number">ERJ-3GEYJ151V</field>
      </fields>
      <libsource lib="Device" part="R" description="Resistor"/>
      <sheetpath names="/" tstamps="/"/>
      <tstamp>5CD1E57C</tstamp>
    </comp>
    <comp ref="R23">
      <value>150</value>
      <footprint>Resistor_SMD:R_0603_1608Metric</footprint>
      <fields>
        <field name="Manufacturer">Panasonic</field>
        <field name="Manufacturer Part Number">ERJ-3GEYJ151V</field>
      </fields>
      <libsource lib="Device" part="R" description="Resistor"/>
      <sheetpath names="/" tstamps="/"/>
      <tstamp>5CD1E587</tstamp>
    </comp>
    <comp ref="R18">
      <value>150</value>
      <footprint>Resistor_SMD:R_0603_1608Metric</footprint>
      <fields>
        <field name="Manufacturer">Panasonic</field>
        <field name="Manufacturer Part Number">ERJ-3GEYJ151V</field>
      </fields>
      <libsource lib="Device" part="R" description="Resistor"/>
      <sheetpath names="/" tstamps="/"/>
      <tstamp>5CD1E592</tstamp>
    </comp>
    <comp ref="R16">
      <value>150</value>
      <footprint>Resistor_SMD:R_0603_1608Metric</footprint>
      <fields>
        <field name="Manufacturer">Panasonic</field>
        <field name="Manufacturer Part Number">ERJ-3GEYJ151V</field>
      </fields>
      <libsource lib="Device" part="R" description="Resistor"/>
      <sheetpath names="/" tstamps="/"/>
      <tstamp>5CD1E59D</tstamp>
    </comp>
    <comp ref="D1">
      <value>D_Zener</value>
      <footprint>Diode_SMD:SC-90A</footprint>
      <datasheet>~</datasheet>
      <fields>
        <field name="Manufacturer">Panasonic</field>
        <field name="Manufacturer Part Number">DZ2J027M0L</field>
      </fields>
      <libsource lib="Device" part="D_Zener" description="Zener diode"/>
      <sheetpath names="/" tstamps="/"/>
      <tstamp>5D1A876C</tstamp>
    </comp>
    <comp ref="R8">
      <value>47</value>
      <footprint>Resistor_SMD:R_0603_1608Metric</footprint>
      <fields>
        <field name="Manufacturer">Panasonic</field>
        <field name="Manufacturer Part Number">ERJ-3GEYJ470V</field>
        <field name="Supplier">Macrofab</field>
        <field name="Supplier P/N">MF-RES-0603-47</field>
      </fields>
      <libsource lib="Device" part="R" description="Resistor"/>
      <sheetpath names="/" tstamps="/"/>
      <tstamp>5D1BCEEC</tstamp>
    </comp>
    <comp ref="U5">
      <value>TLV70233_SOT23-5</value>
      <footprint>Package_TO_SOT_SMD:SOT-23-5</footprint>
      <datasheet>http://www.ti.com/lit/ds/symlink/tlv702.pdf</datasheet>
      <fields>
        <field name="Manufacturer">Texas Instruments</field>
        <field name="Manufacturer Part Number">TLV70233DBVR</field>
        <field name="Supplier">Macrofab</field>
        <field name="Supplier P/N">MF-REG-SOT235-3.3V-300mA</field>
      </fields>
      <libsource lib="Regulator_Linear" part="TLV70233_SOT23-5" description="300 mA Low Dropout Voltage Regulator, Fixed Output 3.3V, SOT-23-5"/>
      <sheetpath names="/" tstamps="/"/>
      <tstamp>5CBEEB2B</tstamp>
    </comp>
    <comp ref="C10">
      <value>100nF</value>
      <footprint>Capacitor_SMD:C_0603_1608Metric</footprint>
      <fields>
        <field name="Manufacturer">KEMET</field>
        <field name="Manufacturer Part Number">C0603C104J5RACTU</field>
      </fields>
      <libsource lib="Device" part="C" description="Unpolarized capacitor"/>
      <sheetpath names="/" tstamps="/"/>
      <tstamp>5CC4446B</tstamp>
    </comp>
    <comp ref="C9">
      <value>100nF</value>
      <footprint>Capacitor_SMD:C_0603_1608Metric</footprint>
      <fields>
        <field name="Manufacturer">KEMET</field>
        <field name="Manufacturer Part Number">C0603C104J5RACTU</field>
      </fields>
      <libsource lib="Device" part="C" description="Unpolarized capacitor"/>
      <sheetpath names="/" tstamps="/"/>
      <tstamp>5CC445C3</tstamp>
    </comp>
    <comp ref="R7">
      <value>2k</value>
      <footprint>Resistor_SMD:R_0603_1608Metric</footprint>
      <fields>
        <field name="Manufacturer">Panasonic</field>
        <field name="Manufacturer Part Number">ERJ-3GEYJ202V</field>
      </fields>
      <libsource lib="Device" part="R" description="Resistor"/>
      <sheetpath names="/" tstamps="/"/>
      <tstamp>5CD50E85</tstamp>
    </comp>
    <comp ref="R11">
      <value>2k</value>
      <footprint>Resistor_SMD:R_0603_1608Metric</footprint>
      <fields>
        <field name="Manufacturer">Panasonic</field>
        <field name="Manufacturer Part Number">ERJ-3GEYJ202V</field>
      </fields>
      <libsource lib="Device" part="R" description="Resistor"/>
      <sheetpath names="/" tstamps="/"/>
      <tstamp>5CD51315</tstamp>
    </comp>
    <comp ref="D6">
      <value>LED</value>
      <footprint>LED_SMD:LED_0603_1608Metric</footprint>
      <datasheet>~</datasheet>
      <fields>
        <field name="Manufacturer">Lite-On</field>
        <field name="Manufacturer Part Number">LTST-C190KGKT</field>
        <field name="Supplier">Macrofab</field>
        <field name="Supplier P/N">MF-LED-0603-GREEN</field>
      </fields>
      <libsource lib="Device" part="LED" description="Light emitting diode"/>
      <sheetpath names="/" tstamps="/"/>
      <tstamp>5CDC4646</tstamp>
    </comp>
    <comp ref="D5">
      <value>LED</value>
      <footprint>LED_SMD:LED_0603_1608Metric</footprint>
      <datasheet>~</datasheet>
      <fields>
        <field name="Manufacturer">Lite-On</field>
        <field name="Manufacturer Part Number">LTST-C190KRKT</field>
        <field name="Supplier">Macrofab</field>
        <field name="Supplier P/N">MF-LED-0603-RED</field>
      </fields>
      <libsource lib="Device" part="LED" description="Light emitting diode"/>
      <sheetpath names="/" tstamps="/"/>
      <tstamp>5CDC47B0</tstamp>
    </comp>
    <comp ref="R27">
      <value>2k</value>
      <footprint>Resistor_SMD:R_0603_1608Metric</footprint>
      <fields>
        <field name="Manufacturer">Panasonic</field>
        <field name="Manufacturer Part Number">ERJ-3GEYJ202V</field>
      </fields>
      <libsource lib="Device" part="R" description="Resistor"/>
      <sheetpath names="/" tstamps="/"/>
      <tstamp>5CDC4FB7</tstamp>
    </comp>
    <comp ref="D4">
      <value>LED</value>
      <footprint>LED_SMD:LED_0603_1608Metric</footprint>
      <datasheet>~</datasheet>
      <fields>
        <field name="Manufacturer">Lite-On</field>
        <field name="Manufacturer Part Number">LTST-C190KGKT</field>
        <field name="Supplier">Macrofab</field>
        <field name="Supplier P/N">MF-LED-0603-GREEN</field>
      </fields>
      <libsource lib="Device" part="LED" description="Light emitting diode"/>
      <sheetpath names="/" tstamps="/"/>
      <tstamp>5CE397C8</tstamp>
    </comp>
    <comp ref="R4">
      <value>150</value>
      <footprint>Resistor_SMD:R_0603_1608Metric</footprint>
      <fields>
        <field name="Manufacturer">Panasonic</field>
        <field name="Manufacturer Part Number">ERJ-3GEYJ151V</field>
      </fields>
      <libsource lib="Device" part="R" description="Resistor"/>
      <sheetpath names="/" tstamps="/"/>
      <tstamp>5CECD758</tstamp>
    </comp>
    <comp ref="D2">
      <value>LED</value>
      <footprint>LED_SMD:LED_0603_1608Metric</footprint>
      <datasheet>~</datasheet>
      <fields>
        <field name="Manufacturer">Lite-On</field>
        <field name="Manufacturer Part Number">LTST-C190KGKT</field>
        <field name="Supplier">Macrofab</field>
        <field name="Supplier P/N">MF-LED-0603-GREEN</field>
      </fields>
      <libsource lib="Device" part="LED" description="Light emitting diode"/>
      <sheetpath names="/" tstamps="/"/>
      <tstamp>5CF145BF</tstamp>
    </comp>
    <comp ref="R13">
      <value>2k</value>
      <footprint>Resistor_SMD:R_0603_1608Metric</footprint>
      <fields>
        <field name="Manufacturer">Panasonic</field>
        <field name="Manufacturer Part Number">ERJ-3GEYJ202V</field>
      </fields>
      <libsource lib="Device" part="R" description="Resistor"/>
      <sheetpath names="/" tstamps="/"/>
      <tstamp>5CF14791</tstamp>
    </comp>
    <comp ref="R14">
      <value>2k</value>
      <footprint>Resistor_SMD:R_0603_1608Metric</footprint>
      <fields>
        <field name="Manufacturer">Panasonic</field>
        <field name="Manufacturer Part Number">ERJ-3GEYJ202V</field>
      </fields>
      <libsource lib="Device" part="R" description="Resistor"/>
      <sheetpath names="/" tstamps="/"/>
      <tstamp>5CF435D2</tstamp>
    </comp>
    <comp ref="D3">
      <value>LED</value>
      <footprint>LED_SMD:LED_0603_1608Metric</footprint>
      <datasheet>~</datasheet>
      <fields>
        <field name="Manufacturer">Lite-On</field>
        <field name="Manufacturer Part Number">LTST-C190KGKT</field>
        <field name="Supplier">Macrofab</field>
        <field name="Supplier P/N">MF-LED-0603-GREEN</field>
      </fields>
      <libsource lib="Device" part="LED" description="Light emitting diode"/>
      <sheetpath names="/" tstamps="/"/>
      <tstamp>5CF436C2</tstamp>
    </comp>
    <comp ref="U7">
      <value>AP9211</value>
      <footprint>DFN:U-DFN2030-6</footprint>
      <fields>
        <field name="Manufacturer">Diodes Incorporated</field>
        <field name="Manufacturer Part Number">AP9211S-AN-HAC-7</field>
      </fields>
      <libsource lib="battery_management" part="AP9211" description=""/>
      <sheetpath names="/" tstamps="/"/>
      <tstamp>5CFA0793</tstamp>
    </comp>
    <comp ref="R26">
      <value>2k</value>
      <footprint>Resistor_SMD:R_0603_1608Metric</footprint>
      <fields>
        <field name="Manufacturer">Panasonic</field>
        <field name="Manufacturer Part Number">ERJ-3GEYJ202V</field>
      </fields>
      <libsource lib="Device" part="R" description="Resistor"/>
      <sheetpath names="/" tstamps="/"/>
      <tstamp>5CFF8AED</tstamp>
    </comp>
    <comp ref="R5">
      <value>10k</value>
      <footprint>Resistor_SMD:R_0603_1608Metric</footprint>
      <fields>
        <field name="Manufacturer">Panasonic</field>
        <field name="Manufacturer Part Number">ERJ-3GEYJ103V</field>
        <field name="Supplier">Macrofab</field>
        <field name="Supplier P/N">MF-RES-0603-10K</field>
      </fields>
      <libsource lib="Device" part="R" description="Resistor"/>
      <sheetpath names="/" tstamps="/"/>
      <tstamp>5D06C645</tstamp>
    </comp>
    <comp ref="J3">
      <value>SJ-2523-SMT</value>
      <footprint>SJ-2523-SMT:SJ-2523-SMT</footprint>
      <fields>
        <field name="Manufacturer">CUI Inc</field>
        <field name="Manufacturer Part Number">SJ-2523-SMT</field>
      </fields>
      <libsource lib="audio_conn" part="SJ-2523-SMT" description=""/>
      <sheetpath names="/" tstamps="/"/>
      <tstamp>5CE0873E</tstamp>
    </comp>
    <comp ref="J4">
      <value>SJ-2523-SMT</value>
      <footprint>SJ-2523-SMT:SJ-2523-SMT</footprint>
      <fields>
        <field name="Manufacturer">CUI Inc</field>
        <field name="Manufacturer Part Number">SJ-2523-SMT</field>
      </fields>
      <libsource lib="audio_conn" part="SJ-2523-SMT" description=""/>
      <sheetpath names="/" tstamps="/"/>
      <tstamp>5CE1CCF4</tstamp>
    </comp>
    <comp ref="J6">
      <value>SJ-2523-SMT</value>
      <footprint>SJ-2523-SMT:SJ-2523-SMT</footprint>
      <fields>
        <field name="Manufacturer">CUI Inc</field>
        <field name="Manufacturer Part Number">SJ-2523-SMT</field>
      </fields>
      <libsource lib="audio_conn" part="SJ-2523-SMT" description=""/>
      <sheetpath names="/" tstamps="/"/>
      <tstamp>5CE1CDBE</tstamp>
    </comp>
    <comp ref="J5">
      <value>SJ-2523-SMT</value>
      <footprint>SJ-2523-SMT:SJ-2523-SMT</footprint>
      <fields>
        <field name="Manufacturer">CUI Inc</field>
        <field name="Manufacturer Part Number">SJ-2523-SMT</field>
      </fields>
      <libsource lib="audio_conn" part="SJ-2523-SMT" description=""/>
      <sheetpath names="/" tstamps="/"/>
      <tstamp>5CE1CE74</tstamp>
    </comp>
    <comp ref="J8">
      <value>Conn_01x02_Female</value>
      <footprint>Connector_JST:JST_PH_S2B-PH-SM4-TB_1x02-1MP_P2.00mm_Horizontal</footprint>
      <datasheet>~</datasheet>
      <fields>
        <field name="Manufacturer">JST Sales America</field>
        <field name="Manufacturer Part Number">S2B-PH-SM4-TB</field>
      </fields>
      <libsource lib="audio_conn" part="Conn_01x02_Female" description="Generic connector, single row, 01x02"/>
      <sheetpath names="/" tstamps="/"/>
      <tstamp>5CE1E2C9</tstamp>
    </comp>
    <comp ref="R10">
      <value>2k</value>
      <footprint>Resistor_SMD:R_0603_1608Metric</footprint>
      <fields>
        <field name="Manufacturer">Panasonic</field>
        <field name="Manufacturer Part Number">ERJ-3GEYJ202V</field>
      </fields>
      <libsource lib="Device" part="R" description="Resistor"/>
      <sheetpath names="/" tstamps="/"/>
      <tstamp>5CE4A11B</tstamp>
    </comp>
    <comp ref="R9">
      <value>2k</value>
      <footprint>Resistor_SMD:R_0603_1608Metric</footprint>
      <fields>
        <field name="Manufacturer">Panasonic</field>
        <field name="Manufacturer Part Number">ERJ-3GEYJ202V</field>
      </fields>
      <libsource lib="Device" part="R" description="Resistor"/>
      <sheetpath names="/" tstamps="/"/>
      <tstamp>5CE4A273</tstamp>
    </comp>
    <comp ref="R12">
      <value>2k</value>
      <footprint>Resistor_SMD:R_0603_1608Metric</footprint>
      <fields>
        <field name="Manufacturer">Panasonic</field>
        <field name="Manufacturer Part Number">ERJ-3GEYJ202V</field>
      </fields>
      <libsource lib="Device" part="R" description="Resistor"/>
      <sheetpath names="/" tstamps="/"/>
      <tstamp>5CEB90D4</tstamp>
    </comp>
    <comp ref="R29">
      <value>2k</value>
      <footprint>Resistor_SMD:R_0603_1608Metric</footprint>
      <fields>
        <field name="Manufacturer">Panasonic</field>
        <field name="Manufacturer Part Number">ERJ-3GEYJ202V</field>
      </fields>
      <libsource lib="Device" part="R" description="Resistor"/>
      <sheetpath names="/" tstamps="/"/>
      <tstamp>5D08624C</tstamp>
    </comp>
    <comp ref="J9">
      <value>Conn_01x02</value>
      <footprint>Resistor_SMD:R_0805_2012Metric</footprint>
      <datasheet>~</datasheet>
      <libsource lib="Connector_Generic" part="Conn_01x02" description="Generic connector, single row, 01x02, script generated (kicad-library-utils/schlib/autogen/connector/)"/>
      <sheetpath names="/" tstamps="/"/>
      <tstamp>5D109384</tstamp>
    </comp>
  </components>
  <libparts>
    <libpart lib="Connector_Generic" part="Conn_01x02">
      <description>Generic connector, single row, 01x02, script generated (kicad-library-utils/schlib/autogen/connector/)</description>
      <docs>~</docs>
      <footprints>
        <fp>Connector*:*_1x??_*</fp>
      </footprints>
      <fields>
        <field name="Reference">J</field>
        <field name="Value">Conn_01x02</field>
      </fields>
      <pins>
        <pin num="1" name="Pin_1" type="passive"/>
        <pin num="2" name="Pin_2" type="passive"/>
      </pins>
    </libpart>
    <libpart lib="Device" part="C">
      <description>Unpolarized capacitor</description>
      <docs>~</docs>
      <footprints>
        <fp>C_*</fp>
      </footprints>
      <fields>
        <field name="Reference">C</field>
        <field name="Value">C</field>
      </fields>
      <pins>
        <pin num="1" name="~" type="passive"/>
        <pin num="2" name="~" type="passive"/>
      </pins>
    </libpart>
    <libpart lib="Device" part="Crystal">
      <description>Two pin crystal</description>
      <docs>~</docs>
      <footprints>
        <fp>Crystal*</fp>
      </footprints>
      <fields>
        <field name="Reference">Y</field>
        <field name="Value">Crystal</field>
      </fields>
      <pins>
        <pin num="1" name="1" type="passive"/>
        <pin num="2" name="2" type="passive"/>
      </pins>
    </libpart>
    <libpart lib="Device" part="D_Zener">
      <description>Zener diode</description>
      <docs>~</docs>
      <footprints>
        <fp>TO-???*</fp>
        <fp>*_Diode_*</fp>
        <fp>*SingleDiode*</fp>
        <fp>D_*</fp>
      </footprints>
      <fields>
        <field name="Reference">D</field>
        <field name="Value">D_Zener</field>
      </fields>
      <pins>
        <pin num="1" name="K" type="passive"/>
        <pin num="2" name="A" type="passive"/>
      </pins>
    </libpart>
    <libpart lib="Device" part="Ferrite_Bead">
      <description>Ferrite bead</description>
      <docs>~</docs>
      <footprints>
        <fp>Inductor_*</fp>
        <fp>L_*</fp>
        <fp>*Ferrite*</fp>
      </footprints>
      <fields>
        <field name="Reference">FB</field>
        <field name="Value">Ferrite_Bead</field>
      </fields>
      <pins>
        <pin num="1" name="~" type="passive"/>
        <pin num="2" name="~" type="passive"/>
      </pins>
    </libpart>
    <libpart lib="Device" part="LED">
      <description>Light emitting diode</description>
      <docs>~</docs>
      <footprints>
        <fp>LED*</fp>
        <fp>LED_SMD:*</fp>
        <fp>LED_THT:*</fp>
      </footprints>
      <fields>
        <field name="Reference">D</field>
        <field name="Value">LED</field>
      </fields>
      <pins>
        <pin num="1" name="K" type="passive"/>
        <pin num="2" name="A" type="passive"/>
      </pins>
    </libpart>
    <libpart lib="Device" part="Microphone">
      <description>Microphone</description>
      <docs>~</docs>
      <fields>
        <field name="Reference">MK</field>
        <field name="Value">Microphone</field>
      </fields>
      <pins>
        <pin num="1" name="-" type="passive"/>
        <pin num="2" name="+" type="passive"/>
      </pins>
    </libpart>
    <libpart lib="Device" part="Q_Photo_NPN">
      <aliases>
        <alias>Q_Photo_NPN_CE</alias>
      </aliases>
      <description>NPN phototransistor, collector/emitter</description>
      <docs>~</docs>
      <fields>
        <field name="Reference">Q</field>
        <field name="Value">Q_Photo_NPN</field>
      </fields>
      <pins>
        <pin num="1" name="C" type="passive"/>
        <pin num="2" name="E" type="passive"/>
      </pins>
    </libpart>
    <libpart lib="Device" part="R">
      <description>Resistor</description>
      <docs>~</docs>
      <footprints>
        <fp>R_*</fp>
      </footprints>
      <fields>
        <field name="Reference">R</field>
        <field name="Value">R</field>
      </fields>
      <pins>
        <pin num="1" name="~" type="passive"/>
        <pin num="2" name="~" type="passive"/>
      </pins>
    </libpart>
    <libpart lib="HM-11" part="HM-11">
      <fields>
        <field name="Reference">U</field>
        <field name="Value">HM-11</field>
      </fields>
      <pins>
        <pin num="1" name="RTS" type="input"/>
        <pin num="2" name="TX" type="input"/>
        <pin num="3" name="CTS" type="input"/>
        <pin num="4" name="RX" type="input"/>
        <pin num="9" name="3.3V" type="power_in"/>
        <pin num="11" name="RST" type="input"/>
        <pin num="12" name="GND" type="input"/>
        <pin num="13" name="PIO3" type="BiDi"/>
        <pin num="14" name="PIO2" type="BiDi"/>
        <pin num="15" name="PIO1" type="BiDi"/>
        <pin num="16" name="PIO0" type="BiDi"/>
      </pins>
    </libpart>
    <libpart lib="Isolator" part="TLP291-4">
      <description>Quad DC Optocoupler, Vce 80V, CTR 50-100%, SOP16</description>
      <docs>https://toshiba.semicon-storage.com/info/docget.jsp?did=12858&amp;prodName=TLP291-4</docs>
      <footprints>
        <fp>SOIC*4.55x10.3mm*P1.27mm*</fp>
      </footprints>
      <fields>
        <field name="Reference">U</field>
        <field name="Value">TLP291-4</field>
        <field name="Footprint">Package_SO:SOIC-16_4.55x10.3mm_P1.27mm</field>
      </fields>
      <pins>
        <pin num="1" name="~" type="passive"/>
        <pin num="2" name="~" type="passive"/>
        <pin num="3" name="~" type="passive"/>
        <pin num="4" name="~" type="passive"/>
        <pin num="5" name="~" type="passive"/>
        <pin num="6" name="~" type="passive"/>
        <pin num="7" name="~" type="passive"/>
        <pin num="8" name="~" type="passive"/>
        <pin num="9" name="~" type="passive"/>
        <pin num="10" name="~" type="passive"/>
        <pin num="11" name="~" type="passive"/>
        <pin num="12" name="~" type="passive"/>
        <pin num="13" name="~" type="passive"/>
        <pin num="14" name="~" type="passive"/>
        <pin num="15" name="~" type="passive"/>
        <pin num="16" name="~" type="passive"/>
      </pins>
    </libpart>
    <libpart lib="Regulator_Linear" part="TLV70012_SOT23-5">
      <aliases>
        <alias>TLV70013_SOT23-5</alias>
        <alias>TLV70015_SOT23-5</alias>
        <alias>TLV70018_SOT23-5</alias>
        <alias>TLV70019_SOT23-5</alias>
        <alias>TLV70025_SOT23-5</alias>
        <alias>TLV70030_SOT23-5</alias>
        <alias>TLV70032_SOT23-5</alias>
        <alias>TLV70033_SOT23-5</alias>
        <alias>TLV70036_SOT23-5</alias>
        <alias>TLV70212_SOT23-5</alias>
        <alias>TLV70215_SOT23-5</alias>
        <alias>TLV70218_SOT23-5</alias>
        <alias>TLV70225_SOT23-5</alias>
        <alias>TLV70228_SOT23-5</alias>
        <alias>TLV70230_SOT23-5</alias>
        <alias>TLV70231_SOT23-5</alias>
        <alias>TLV70233_SOT23-5</alias>
        <alias>TLV70235_SOT23-5</alias>
        <alias>TLV70237_SOT23-5</alias>
        <alias>TLV70245_SOT23-5</alias>
        <alias>TLV702475_SOT23-5</alias>
      </aliases>
      <description>200 mA Low Dropout Voltage Regulator, Fixed Output 1.2V, SOT-23-5</description>
      <docs>http://www.ti.com/lit/ds/symlink/tlv700.pdf</docs>
      <footprints>
        <fp>SOT?23*</fp>
      </footprints>
      <fields>
        <field name="Reference">U</field>
        <field name="Value">TLV70012_SOT23-5</field>
        <field name="Footprint">Package_TO_SOT_SMD:SOT-23-5</field>
      </fields>
      <pins>
        <pin num="1" name="IN" type="power_in"/>
        <pin num="2" name="GND" type="power_in"/>
        <pin num="3" name="EN" type="input"/>
        <pin num="4" name="NC" type="NotConnected"/>
        <pin num="5" name="OUT" type="power_out"/>
      </pins>
    </libpart>
    <libpart lib="Switch" part="SW_SPDT">
      <description>Switch, single pole double throw</description>
      <fields>
        <field name="Reference">SW</field>
        <field name="Value">SW_SPDT</field>
      </fields>
      <pins>
        <pin num="1" name="A" type="passive"/>
        <pin num="2" name="B" type="passive"/>
        <pin num="3" name="C" type="passive"/>
      </pins>
    </libpart>
    <libpart lib="TP4056" part="TP4056">
      <fields>
        <field name="Reference">U</field>
        <field name="Value">TP4056</field>
      </fields>
      <pins>
        <pin num="1" name="TEMP" type="input"/>
        <pin num="2" name="PROG" type="input"/>
        <pin num="3" name="GND" type="input"/>
        <pin num="4" name="VCC" type="input"/>
        <pin num="5" name="BAT" type="input"/>
        <pin num="6" name="~STDBY" type="input"/>
        <pin num="7" name="~CHRG" type="input"/>
        <pin num="8" name="CE" type="input"/>
      </pins>
    </libpart>
    <libpart lib="Transistor_BJT" part="BC817">
      <aliases>
        <alias>BC818</alias>
        <alias>BC847</alias>
        <alias>BC848</alias>
        <alias>BC849</alias>
        <alias>BC850</alias>
        <alias>MMBT3904</alias>
        <alias>MMBT5550L</alias>
        <alias>MMBT5551L</alias>
      </aliases>
      <description>0.8A Ic, 45V Vce, NPN Transistor, SOT-23</description>
      <docs>http://www.fairchildsemi.com/ds/BC/BC817.pdf</docs>
      <footprints>
        <fp>SOT?23*</fp>
      </footprints>
      <fields>
        <field name="Reference">Q</field>
        <field name="Value">BC817</field>
        <field name="Footprint">Package_TO_SOT_SMD:SOT-23</field>
      </fields>
      <pins>
        <pin num="1" name="B" type="input"/>
        <pin num="2" name="E" type="passive"/>
        <pin num="3" name="C" type="passive"/>
      </pins>
    </libpart>
    <libpart lib="atmel" part="ATMEGA168A-AU">
      <aliases>
        <alias>ATMEGA48A-AU</alias>
        <alias>ATMEGA48PA-AU</alias>
        <alias>ATMEGA88A-AU</alias>
        <alias>ATMEGA88PA-AU</alias>
        <alias>ATMEGA168PA-AU</alias>
        <alias>ATMEGA328-AU</alias>
        <alias>ATMEGA328P-AU</alias>
      </aliases>
      <description>TQFP32, 16k Flash, 1kB SRAM, 512B EEPROM</description>
      <docs>http://www.atmel.com/images/atmel-8271-8-bit-avr-microcontroller-atmega48a-48pa-88a-88pa-168a-168pa-328-328p_datasheet.pdf</docs>
      <footprints>
        <fp>TQFP*7x7mm*Pitch0.8mm*</fp>
      </footprints>
      <fields>
        <field name="Reference">U</field>
        <field name="Value">ATMEGA168A-AU</field>
        <field name="Footprint">Housings_QFP:TQFP-32_7x7mm_Pitch0.8mm</field>
      </fields>
      <pins>
        <pin num="1" name="(PCINT19/OC2B/INT1)PD3" type="BiDi"/>
        <pin num="2" name="(PCINT20/XCK/T0)PD4" type="BiDi"/>
        <pin num="3" name="GND" type="power_in"/>
        <pin num="4" name="VCC" type="power_in"/>
        <pin num="5" name="GND" type="power_in"/>
        <pin num="6" name="VCC" type="power_in"/>
        <pin num="7" name="(PCINT6/XTAL1/TOSC1)PB6" type="BiDi"/>
        <pin num="8" name="(PCINT7/XTAL2/TOSC2)PB7" type="BiDi"/>
        <pin num="9" name="(PCINT21/OC0B/T1)PD5" type="BiDi"/>
        <pin num="10" name="(PCINT22/OC0A/AIN0)PD6" type="BiDi"/>
        <pin num="11" name="(PCINT23/AIN1)PD7" type="BiDi"/>
        <pin num="12" name="(PCINT0/CLKO/ICP1)PB0" type="BiDi"/>
        <pin num="13" name="(PCINT1/OC1A)PB1" type="BiDi"/>
        <pin num="14" name="(PCINT2/OC1B/~SS~)PB2" type="BiDi"/>
        <pin num="15" name="(PCINT3/OC2A/MOSI)PB3" type="BiDi"/>
        <pin num="16" name="(PCINT4/MISO)PB4" type="BiDi"/>
        <pin num="17" name="(PCINT5/SCK)PB5" type="BiDi"/>
        <pin num="18" name="AVCC" type="power_in"/>
        <pin num="19" name="ADC6" type="input"/>
        <pin num="20" name="AREF" type="BiDi"/>
        <pin num="21" name="GND" type="power_in"/>
        <pin num="22" name="ADC7" type="input"/>
        <pin num="23" name="(PCINT8/ADC0)PC0" type="BiDi"/>
        <pin num="24" name="(PCINT9/ADC1)PC1" type="BiDi"/>
        <pin num="25" name="(PCINT10/ADC2)PC2" type="BiDi"/>
        <pin num="26" name="(PCINT11/ADC3)PC3" type="BiDi"/>
        <pin num="27" name="(PCINT12/SDA/ADC4)PC4" type="BiDi"/>
        <pin num="28" name="(PCINT13/SCL/ADC5)PC5" type="BiDi"/>
        <pin num="29" name="(PCINT14/~RESET~)PC6" type="BiDi"/>
        <pin num="30" name="(PCINT16/RXD)PD0" type="BiDi"/>
        <pin num="31" name="(PCINT17/TXD)PD1" type="BiDi"/>
        <pin num="32" name="(PCINT18/INT0)PD2" type="BiDi"/>
      </pins>
    </libpart>
    <libpart lib="audio_conn" part="Conn_01x02_Female">
      <description>Generic connector, single row, 01x02</description>
      <docs>~</docs>
      <footprints>
        <fp>Connector*:*_??x*mm*</fp>
        <fp>Connector*:*1x??x*mm*</fp>
        <fp>Socket?Strip?Straight?1X*</fp>
        <fp>Socket?Strip?Angled?1X*</fp>
      </footprints>
      <fields>
        <field name="Reference">J</field>
        <field name="Value">Conn_01x02_Female</field>
      </fields>
      <pins>
        <pin num="1" name="Pin_1" type="passive"/>
        <pin num="2" name="Pin_2" type="passive"/>
      </pins>
    </libpart>
    <libpart lib="audio_conn" part="SJ-2523-SMT">
      <fields>
        <field name="Reference">J</field>
        <field name="Value">SJ-2523-SMT</field>
      </fields>
      <pins>
        <pin num="1" name="~" type="passive"/>
        <pin num="2" name="~" type="passive"/>
        <pin num="3" name="~" type="passive"/>
      </pins>
    </libpart>
    <libpart lib="battery_management" part="AP9211">
      <fields>
        <field name="Reference">U</field>
        <field name="Value">AP9211</field>
      </fields>
      <pins>
        <pin num="1" name="S1" type="output"/>
        <pin num="2" name="VSS" type="power_out"/>
        <pin num="3" name="VDD" type="power_in"/>
        <pin num="5" name="VM" type="output"/>
        <pin num="6" name="S2" type="output"/>
      </pins>
    </libpart>
    <libpart lib="conn" part="Conn_01x04">
      <description>Generic connector, single row, 01x04</description>
      <docs>~</docs>
      <footprints>
        <fp>Connector*:*_??x*mm*</fp>
        <fp>Connector*:*1x??x*mm*</fp>
        <fp>Pin?Header?Straight?1X*</fp>
        <fp>Pin?Header?Angled?1X*</fp>
        <fp>Socket?Strip?Straight?1X*</fp>
        <fp>Socket?Strip?Angled?1X*</fp>
      </footprints>
      <fields>
        <field name="Reference">J</field>
        <field name="Value">Conn_01x04</field>
      </fields>
      <pins>
        <pin num="1" name="Pin_1" type="passive"/>
        <pin num="2" name="Pin_2" type="passive"/>
        <pin num="3" name="Pin_3" type="passive"/>
        <pin num="4" name="Pin_4" type="passive"/>
      </pins>
    </libpart>
    <libpart lib="conn" part="Conn_02x03_Odd_Even">
      <description>Generic connector, double row, 02x03, odd/even pin numbering scheme (row 1 odd numbers, row 2 even numbers)</description>
      <docs>~</docs>
      <footprints>
        <fp>Connector*:*2x??x*mm*</fp>
        <fp>Connector*:*2x???Pitch*</fp>
        <fp>Pin_Header_Straight_2X*</fp>
        <fp>Pin_Header_Angled_2X*</fp>
        <fp>Socket_Strip_Straight_2X*</fp>
        <fp>Socket_Strip_Angled_2X*</fp>
      </footprints>
      <fields>
        <field name="Reference">J</field>
        <field name="Value">Conn_02x03_Odd_Even</field>
      </fields>
      <pins>
        <pin num="1" name="Pin_1" type="passive"/>
        <pin num="2" name="Pin_2" type="passive"/>
        <pin num="3" name="Pin_3" type="passive"/>
        <pin num="4" name="Pin_4" type="passive"/>
        <pin num="5" name="Pin_5" type="passive"/>
        <pin num="6" name="Pin_6" type="passive"/>
      </pins>
    </libpart>
    <libpart lib="conn" part="USB_OTG">
      <description>USB mini/micro connector</description>
      <footprints>
        <fp>USB*</fp>
      </footprints>
      <fields>
        <field name="Reference">J</field>
        <field name="Value">USB_OTG</field>
      </fields>
      <pins>
        <pin num="1" name="VBUS" type="power_in"/>
        <pin num="2" name="D-" type="passive"/>
        <pin num="3" name="D+" type="passive"/>
        <pin num="4" name="ID" type="passive"/>
        <pin num="5" name="GND" type="power_in"/>
        <pin num="6" name="Shield" type="passive"/>
      </pins>
    </libpart>
    <libpart lib="linear" part="MCP6L91T-EOT">
      <aliases>
        <alias>MCP6561</alias>
        <alias>MCP6001</alias>
        <alias>MCP601-xOT</alias>
        <alias>OPA333xxDBV</alias>
        <alias>OPA340NA</alias>
        <alias>OPA376xxDBV</alias>
        <alias>TS881</alias>
        <alias>TSV911ILT</alias>
      </aliases>
      <description>10 MHz, 850 µA Op Amps, SOT-23-5</description>
      <docs>http://ww1.microchip.com/downloads/en/DeviceDoc/22141b.pdf</docs>
      <footprints>
        <fp>SOT*23*</fp>
        <fp>*SC*70*</fp>
      </footprints>
      <fields>
        <field name="Reference">U</field>
        <field name="Value">MCP6L91T-EOT</field>
      </fields>
      <pins>
        <pin num="1" name="~" type="output"/>
        <pin num="2" name="V-" type="power_in"/>
        <pin num="3" name="+" type="input"/>
        <pin num="4" name="-" type="input"/>
        <pin num="5" name="V+" type="power_in"/>
      </pins>
    </libpart>
  </libparts>
  <libraries>
    <library logical="Connector_Generic">
      <uri>C:\Program Files\KiCad\share\kicad\library/Connector_Generic.lib</uri>
    </library>
    <library logical="Device">
      <uri>C:\Program Files\KiCad\share\kicad\library/Device.lib</uri>
    </library>
    <library logical="HM-11">
      <uri>C:/Users/kanes/Documents/KiCad Libraries/HM-11.lib</uri>
    </library>
    <library logical="Isolator">
      <uri>C:\Program Files\KiCad\share\kicad\library/Isolator.lib</uri>
    </library>
    <library logical="Regulator_Linear">
      <uri>C:\Program Files\KiCad\share\kicad\library/Regulator_Linear.lib</uri>
    </library>
    <library logical="Switch">
      <uri>C:\Program Files\KiCad\share\kicad\library/Switch.lib</uri>
    </library>
    <library logical="TP4056">
      <uri>C:/Users/kanes/Documents/KiCad Libraries/TP4056.lib</uri>
    </library>
    <library logical="Transistor_BJT">
      <uri>C:\Program Files\KiCad\share\kicad\library/Transistor_BJT.lib</uri>
    </library>
    <library logical="atmel">
      <uri>C:\Program Files\KiCad\share\kicad\library/atmel.lib</uri>
    </library>
    <library logical="audio_conn">
      <uri>C:/Users/kanes/Documents/KiCad Libraries/audio_conn.lib</uri>
    </library>
    <library logical="battery_management">
      <uri>C:/Users/kanes/Documents/KiCad Libraries/battery_management.lib</uri>
    </library>
    <library logical="conn">
      <uri>C:\Program Files\KiCad\share\kicad\library/conn.lib</uri>
    </library>
    <library logical="linear">
      <uri>C:\Program Files\KiCad\share\kicad\library/linear.lib</uri>
    </library>
  </libraries>
  <nets>
    <net code="1" name="GNDD">
      <node ref="R14" pin="1"/>
      <node ref="U7" pin="1"/>
      <node ref="U7" pin="2"/>
      <node ref="R13" pin="1"/>
      <node ref="J7" pin="5"/>
      <node ref="U8" pin="1"/>
      <node ref="U8" pin="3"/>
      <node ref="C11" pin="2"/>
      <node ref="R21" pin="2"/>
      <node ref="R23" pin="2"/>
      <node ref="R18" pin="2"/>
      <node ref="R16" pin="2"/>
      <node ref="R29" pin="2"/>
      <node ref="J9" pin="1"/>
      <node ref="R12" pin="2"/>
      <node ref="C6" pin="2"/>
      <node ref="R28" pin="1"/>
      <node ref="R20" pin="2"/>
      <node ref="R22" pin="2"/>
      <node ref="R24" pin="2"/>
      <node ref="R19" pin="2"/>
      <node ref="R17" pin="2"/>
      <node ref="U3" pin="12"/>
      <node ref="C3" pin="2"/>
      <node ref="C12" pin="2"/>
      <node ref="C7" pin="2"/>
      <node ref="C8" pin="2"/>
      <node ref="U2" pin="21"/>
      <node ref="J1" pin="1"/>
      <node ref="J2" pin="1"/>
      <node ref="U2" pin="3"/>
      <node ref="U2" pin="5"/>
      <node ref="C2" pin="2"/>
      <node ref="C10" pin="2"/>
      <node ref="C9" pin="2"/>
      <node ref="U5" pin="2"/>
    </net>
    <net code="2" name="Net-(U5-Pad4)">
      <node ref="U5" pin="4"/>
    </net>
    <net code="3" name="+BATT">
      <node ref="J8" pin="1"/>
      <node ref="R25" pin="2"/>
      <node ref="U8" pin="5"/>
      <node ref="SW1" pin="1"/>
    </net>
    <net code="4" name="3.3V">
      <node ref="U5" pin="5"/>
      <node ref="U3" pin="9"/>
      <node ref="C9" pin="1"/>
    </net>
    <net code="5" name="Net-(R21-Pad1)">
      <node ref="U6" pin="2"/>
      <node ref="R21" pin="1"/>
    </net>
    <net code="6" name="Net-(J3-Pad1)">
      <node ref="J3" pin="1"/>
      <node ref="U4" pin="13"/>
      <node ref="U4" pin="15"/>
    </net>
    <net code="7" name="Net-(D1-Pad1)">
      <node ref="D1" pin="1"/>
      <node ref="U2" pin="22"/>
      <node ref="R8" pin="1"/>
    </net>
    <net code="8" name="VDDA">
      <node ref="R8" pin="2"/>
      <node ref="C4" pin="1"/>
      <node ref="C5" pin="1"/>
      <node ref="U2" pin="20"/>
      <node ref="U2" pin="18"/>
      <node ref="R3" pin="2"/>
      <node ref="U1" pin="5"/>
      <node ref="Q1" pin="1"/>
      <node ref="Q2" pin="2"/>
    </net>
    <net code="9" name="Net-(D6-Pad1)">
      <node ref="D6" pin="1"/>
      <node ref="U8" pin="6"/>
    </net>
    <net code="10" name="Net-(D5-Pad1)">
      <node ref="U8" pin="7"/>
      <node ref="D5" pin="1"/>
    </net>
    <net code="11" name="Net-(D5-Pad2)">
      <node ref="D6" pin="2"/>
      <node ref="R27" pin="1"/>
      <node ref="D5" pin="2"/>
    </net>
    <net code="12" name="Net-(D4-Pad1)">
      <node ref="R29" pin="1"/>
      <node ref="D4" pin="1"/>
    </net>
    <net code="13" name="MISO">
      <node ref="J1" pin="6"/>
      <node ref="U2" pin="16"/>
      <node ref="U6" pin="1"/>
    </net>
    <net code="14" name="FOCUS3">
      <node ref="U6" pin="3"/>
      <node ref="J1" pin="4"/>
      <node ref="U2" pin="17"/>
    </net>
    <net code="15" name="Net-(R11-Pad2)">
      <node ref="U2" pin="19"/>
      <node ref="R11" pin="2"/>
      <node ref="R7" pin="2"/>
    </net>
    <net code="16" name="Net-(R11-Pad1)">
      <node ref="R11" pin="1"/>
    </net>
    <net code="17" name="Net-(R17-Pad1)">
      <node ref="R17" pin="1"/>
      <node ref="U4" pin="6"/>
    </net>
    <net code="18" name="Net-(R24-Pad1)">
      <node ref="R24" pin="1"/>
      <node ref="U6" pin="8"/>
    </net>
    <net code="19" name="Net-(R22-Pad1)">
      <node ref="R22" pin="1"/>
      <node ref="U6" pin="6"/>
    </net>
    <net code="20" name="Net-(R18-Pad1)">
      <node ref="U4" pin="4"/>
      <node ref="R18" pin="1"/>
    </net>
    <net code="21" name="VIN">
      <node ref="Q2" pin="3"/>
      <node ref="U2" pin="4"/>
      <node ref="C7" pin="1"/>
      <node ref="SW1" pin="2"/>
      <node ref="U5" pin="1"/>
      <node ref="D4" pin="2"/>
      <node ref="U2" pin="6"/>
      <node ref="J1" pin="5"/>
      <node ref="U5" pin="3"/>
      <node ref="C10" pin="1"/>
      <node ref="L1" pin="2"/>
      <node ref="R2" pin="1"/>
      <node ref="R1" pin="1"/>
      <node ref="J2" pin="2"/>
    </net>
    <net code="22" name="FOCUS1">
      <node ref="U4" pin="3"/>
      <node ref="U2" pin="13"/>
    </net>
    <net code="23" name="SHUTTER1">
      <node ref="U4" pin="1"/>
      <node ref="U2" pin="12"/>
    </net>
    <net code="24" name="Net-(R19-Pad1)">
      <node ref="R19" pin="1"/>
      <node ref="U4" pin="8"/>
    </net>
    <net code="25" name="Net-(J5-Pad3)">
      <node ref="J5" pin="3"/>
      <node ref="U6" pin="14"/>
    </net>
    <net code="26" name="Net-(R16-Pad1)">
      <node ref="R16" pin="1"/>
      <node ref="U4" pin="2"/>
    </net>
    <net code="27" name="Net-(R23-Pad1)">
      <node ref="R23" pin="1"/>
      <node ref="U6" pin="4"/>
    </net>
    <net code="28" name="Net-(J4-Pad1)">
      <node ref="U4" pin="11"/>
      <node ref="J4" pin="1"/>
      <node ref="U4" pin="9"/>
    </net>
    <net code="29" name="SHUTTER2">
      <node ref="U4" pin="5"/>
      <node ref="U2" pin="14"/>
    </net>
    <net code="30" name="SHUTTER4">
      <node ref="U6" pin="5"/>
      <node ref="U2" pin="2"/>
    </net>
    <net code="31" name="Net-(J3-Pad3)">
      <node ref="U4" pin="14"/>
      <node ref="J3" pin="3"/>
    </net>
    <net code="32" name="Net-(J4-Pad2)">
      <node ref="U4" pin="12"/>
      <node ref="J4" pin="2"/>
    </net>
    <net code="33" name="Net-(J4-Pad3)">
      <node ref="U4" pin="10"/>
      <node ref="J4" pin="3"/>
    </net>
    <net code="34" name="Net-(J6-Pad3)">
      <node ref="J6" pin="3"/>
      <node ref="U6" pin="10"/>
    </net>
    <net code="35" name="Net-(J5-Pad2)">
      <node ref="J5" pin="2"/>
      <node ref="U6" pin="16"/>
    </net>
    <net code="36" name="Net-(J3-Pad2)">
      <node ref="U4" pin="16"/>
      <node ref="J3" pin="2"/>
    </net>
    <net code="37" name="Net-(R10-Pad1)">
      <node ref="R9" pin="1"/>
      <node ref="R10" pin="1"/>
      <node ref="U3" pin="4"/>
    </net>
    <net code="38" name="Net-(J6-Pad2)">
      <node ref="J6" pin="2"/>
      <node ref="U6" pin="12"/>
    </net>
    <net code="39" name="Net-(J5-Pad1)">
      <node ref="U6" pin="13"/>
      <node ref="J5" pin="1"/>
      <node ref="U6" pin="15"/>
    </net>
    <net code="40" name="Net-(U2-Pad30)">
      <node ref="U2" pin="30"/>
      <node ref="U3" pin="2"/>
    </net>
    <net code="41" name="Net-(J6-Pad1)">
      <node ref="U6" pin="9"/>
      <node ref="J6" pin="1"/>
      <node ref="U6" pin="11"/>
    </net>
    <net code="42" name="GNDA">
      <node ref="R5" pin="2"/>
      <node ref="C4" pin="2"/>
      <node ref="D1" pin="2"/>
      <node ref="J9" pin="2"/>
      <node ref="C5" pin="2"/>
      <node ref="R6" pin="1"/>
      <node ref="U1" pin="2"/>
      <node ref="MK1" pin="1"/>
    </net>
    <net code="43" name="Net-(R9-Pad2)">
      <node ref="R9" pin="2"/>
      <node ref="U2" pin="31"/>
    </net>
    <net code="44" name="Net-(D2-Pad2)">
      <node ref="U2" pin="32"/>
      <node ref="D2" pin="2"/>
      <node ref="U3" pin="15"/>
    </net>
    <net code="45" name="Net-(R10-Pad2)">
      <node ref="R10" pin="2"/>
      <node ref="R12" pin="1"/>
    </net>
    <net code="46" name="Net-(D3-Pad1)">
      <node ref="R14" pin="2"/>
      <node ref="D3" pin="1"/>
    </net>
    <net code="47" name="Net-(D3-Pad2)">
      <node ref="D3" pin="2"/>
      <node ref="U2" pin="9"/>
    </net>
    <net code="48" name="-BATT">
      <node ref="U7" pin="6"/>
      <node ref="J8" pin="2"/>
      <node ref="R26" pin="1"/>
    </net>
    <net code="49" name="MICROPHONE_OUT">
      <node ref="U2" pin="24"/>
      <node ref="R4" pin="2"/>
      <node ref="U1" pin="1"/>
    </net>
    <net code="50" name="FOCUS4">
      <node ref="U2" pin="1"/>
      <node ref="U6" pin="7"/>
    </net>
    <net code="51" name="Net-(R4-Pad1)">
      <node ref="R6" pin="2"/>
      <node ref="U1" pin="4"/>
      <node ref="R4" pin="1"/>
    </net>
    <net code="52" name="Net-(D2-Pad1)">
      <node ref="R13" pin="2"/>
      <node ref="D2" pin="1"/>
    </net>
    <net code="53" name="Net-(R26-Pad2)">
      <node ref="U7" pin="5"/>
      <node ref="R26" pin="2"/>
    </net>
    <net code="54" name="LIGHT_OUT">
      <node ref="Q1" pin="2"/>
      <node ref="R5" pin="1"/>
      <node ref="U2" pin="23"/>
    </net>
    <net code="55" name="FOCUS2">
      <node ref="J1" pin="3"/>
      <node ref="U2" pin="15"/>
      <node ref="U4" pin="7"/>
    </net>
    <net code="56" name="RST">
      <node ref="U2" pin="29"/>
      <node ref="J1" pin="2"/>
    </net>
    <net code="57" name="Net-(J7-Pad2)">
      <node ref="J7" pin="2"/>
    </net>
    <net code="58" name="Net-(J7-Pad3)">
      <node ref="J7" pin="3"/>
    </net>
    <net code="59" name="Net-(J7-Pad4)">
      <node ref="J7" pin="4"/>
    </net>
    <net code="60" name="Net-(J7-Pad6)">
      <node ref="J7" pin="6"/>
    </net>
    <net code="61" name="Net-(R28-Pad2)">
      <node ref="R28" pin="2"/>
      <node ref="U8" pin="2"/>
    </net>
    <net code="62" name="VUSB">
      <node ref="R7" pin="1"/>
      <node ref="U8" pin="8"/>
      <node ref="C11" pin="1"/>
      <node ref="J7" pin="1"/>
      <node ref="U8" pin="4"/>
      <node ref="R27" pin="2"/>
    </net>
    <net code="63" name="SDA">
      <node ref="J2" pin="4"/>
      <node ref="R1" pin="2"/>
      <node ref="U2" pin="27"/>
    </net>
    <net code="64" name="SCL">
      <node ref="U2" pin="28"/>
      <node ref="R2" pin="2"/>
      <node ref="J2" pin="3"/>
    </net>
    <net code="65" name="Net-(C1-Pad1)">
      <node ref="U1" pin="3"/>
      <node ref="C1" pin="1"/>
    </net>
    <net code="66" name="Net-(C1-Pad2)">
      <node ref="C1" pin="2"/>
      <node ref="MK1" pin="2"/>
      <node ref="R3" pin="1"/>
    </net>
    <net code="67" name="Net-(U2-Pad11)">
      <node ref="U2" pin="11"/>
    </net>
    <net code="68" name="Net-(U2-Pad25)">
      <node ref="U2" pin="25"/>
    </net>
    <net code="69" name="Net-(U2-Pad26)">
      <node ref="U2" pin="26"/>
    </net>
    <net code="70" name="Net-(U2-Pad10)">
      <node ref="U2" pin="10"/>
    </net>
    <net code="71" name="Net-(R20-Pad1)">
      <node ref="R20" pin="1"/>
      <node ref="SW1" pin="3"/>
    </net>
    <net code="72" name="Net-(C2-Pad1)">
      <node ref="U2" pin="7"/>
      <node ref="C2" pin="1"/>
      <node ref="Y1" pin="2"/>
    </net>
    <net code="73" name="Net-(U3-Pad1)">
      <node ref="U3" pin="1"/>
    </net>
    <net code="74" name="Net-(U3-Pad11)">
      <node ref="U3" pin="11"/>
    </net>
    <net code="75" name="Net-(U3-Pad13)">
      <node ref="U3" pin="13"/>
    </net>
    <net code="76" name="Net-(U3-Pad14)">
      <node ref="U3" pin="14"/>
    </net>
    <net code="77" name="Net-(U3-Pad16)">
      <node ref="U3" pin="16"/>
    </net>
    <net code="78" name="Net-(U3-Pad3)">
      <node ref="U3" pin="3"/>
    </net>
    <net code="79" name="Net-(C12-Pad1)">
      <node ref="C12" pin="1"/>
      <node ref="R25" pin="1"/>
      <node ref="U7" pin="3"/>
    </net>
    <net code="80" name="Net-(C6-Pad1)">
      <node ref="C6" pin="1"/>
      <node ref="C8" pin="1"/>
      <node ref="Q2" pin="1"/>
      <node ref="R15" pin="1"/>
    </net>
    <net code="81" name="Net-(C3-Pad1)">
      <node ref="Y1" pin="1"/>
      <node ref="U2" pin="8"/>
      <node ref="C3" pin="1"/>
    </net>
    <net code="82" name="Net-(L1-Pad1)">
      <node ref="R15" pin="2"/>
      <node ref="L1" pin="1"/>
    </net>
  </nets>
</export>
